week,housing_starts_index,lumber_price_index,mortgage_rate,season_factor
2019-01-07,96.4,388.0,3.95,0.581
2019-01-14,97.9,390.0,3.88,0.587
2019-01-21,97.2,402.0,3.89,0.598
2019-01-28,93.3,391.0,3.86,0.616
2019-02-04,92.7,379.0,3.83,0.639
2019-02-11,95.9,389.0,3.92,0.668
2019-02-18,97.8,386.0,3.96,0.701
2019-02-25,97.5,403.0,3.9,0.739
2019-03-04,100.4,413.0,3.97,0.78
2019-03-11,98.6,412.0,3.88,0.825
2019-03-18,98.7,386.0,3.93,0.872
2019-03-25,96.3,393.0,3.8,0.921
2019-04-01,95.9,405.0,3.92,0.971
2019-04-08,101.4,367.0,3.99,1.022
2019-04-15,98.9,417.0,3.87,1.072
2019-04-22,100.8,424.0,3.93,1.121
2019-04-29,96.8,414.0,3.92,1.169
2019-05-06,99.0,356.0,3.89,1.214
2019-05-13,97.7,405.0,3.91,1.255
2019-05-20,99.1,363.0,3.89,1.294
2019-05-27,102.8,418.0,3.87,1.328
2019-06-03,98.4,356.0,3.9,1.357
2019-06-10,100.7,371.0,3.89,1.381
2019-06-17,102.4,407.0,3.91,1.399
2019-06-24,101.1,371.0,3.79,1.412
2019-07-01,102.3,345.0,3.88,1.419
2019-07-08,102.7,378.0,3.96,1.42
2019-07-15,104.4,409.0,3.94,1.414
2019-07-22,103.0,376.0,3.96,1.403
2019-07-29,104.8,378.0,3.9,1.386
2019-08-05,104.7,403.0,3.95,1.363
2019-08-12,105.7,400.0,3.98,1.335
2019-08-19,105.7,425.0,3.88,1.302
2019-08-26,108.9,417.0,3.9,1.265
2019-09-02,104.6,393.0,4.05,1.224
2019-09-09,108.6,385.0,3.88,1.179
2019-09-16,105.7,421.0,3.81,1.132
2019-09-23,104.9,386.0,3.98,1.083
2019-09-30,109.5,378.0,3.91,1.033
2019-10-07,106.5,409.0,3.83,0.983
2019-10-14,106.9,388.0,3.84,0.933
2019-10-21,105.1,369.0,3.92,0.883
2019-10-28,104.0,412.0,3.83,0.836
2019-11-04,109.7,418.0,3.86,0.79
2019-11-11,106.3,376.0,3.83,0.748
2019-11-18,110.5,392.0,3.91,0.71
2019-11-25,112.8,390.0,3.9,0.675
2019-12-02,109.1,396.0,3.81,0.646
2019-12-09,107.2,391.0,3.98,0.621
2019-12-16,110.4,370.0,3.85,0.602
2019-12-23,111.3,400.0,3.88,0.589
2019-12-30,109.3,393.0,4.0,0.582
2020-01-06,109.8,403.0,3.89,0.58
2020-01-13,112.2,413.0,3.87,0.585
2020-01-20,111.8,416.0,3.86,0.596
2020-01-27,110.1,408.0,3.93,0.613
2020-02-03,106.2,347.0,3.85,0.636
2020-02-10,106.8,379.0,3.78,0.664
2020-02-17,106.8,402.0,3.81,0.696
2020-02-24,103.7,416.0,3.83,0.733
2020-03-02,101.3,379.0,3.85,0.774
2020-03-09,99.3,384.0,3.77,0.818
2020-03-16,98.1,435.0,3.85,0.865
2020-03-23,96.8,349.0,3.8,0.914
2020-03-30,96.5,393.0,3.76,0.964
2020-04-06,99.4,386.0,3.78,1.014
2020-04-13,95.8,392.0,3.87,1.065
2020-04-20,99.9,393.0,3.74,1.114
2020-04-27,100.2,413.0,3.73,1.162
2020-05-04,101.1,419.0,3.76,1.207
2020-05-11,100.8,462.0,3.68,1.25
2020-05-18,103.2,436.0,3.68,1.288
2020-05-25,109.6,399.0,3.65,1.323
2020-06-01,107.3,405.0,3.53,1.353
2020-06-08,109.3,421.0,3.58,1.378
2020-06-15,110.5,454.0,3.49,1.397
2020-06-22,112.0,396.0,3.46,1.411
2020-06-29,110.1,408.0,3.43,1.418
2020-07-06,109.9,397.0,3.33,1.42
2020-07-13,111.6,424.0,3.39,1.415
2020-07-20,111.7,373.0,3.35,1.405
2020-07-27,114.5,403.0,3.37,1.388
2020-08-03,114.0,374.0,3.19,1.366
2020-08-10,115.0,406.0,3.15,1.339
2020-08-17,115.7,416.0,3.21,1.307
2020-08-24,119.0,392.0,3.0,1.27
2020-08-31,116.6,396.0,3.01,1.23
2020-09-07,117.9,423.0,3.08,1.186
2020-09-14,121.8,398.0,2.93,1.139
2020-09-21,120.9,412.0,3.07,1.091
2020-09-28,122.9,395.0,2.9,1.041
2020-10-05,121.6,382.0,2.85,0.99
2020-10-12,123.8,392.0,2.89,0.94
2020-10-19,125.1,442.0,2.88,0.89
2020-10-26,121.8,395.0,2.84,0.842
2020-11-02,122.9,402.0,2.85,0.797
2020-11-09,124.7,425.0,2.88,0.754
2020-11-16,127.7,408.0,2.87,0.715
2020-11-23,123.2,412.0,2.86,0.68
2020-11-30,120.9,449.0,2.93,0.65
2020-12-07,117.9,423.0,2.95,0.624
2020-12-14,118.9,391.0,2.91,0.604
2020-12-21,111.4,425.0,3.05,0.59
2020-12-28,114.7,407.0,3.07,0.582
2021-01-04,112.5,423.0,3.19,0.58
2021-01-11,110.5,468.0,3.14,0.583
2021-01-18,114.6,472.0,3.16,0.593
2021-01-25,103.7,497.0,3.23,0.608
2021-02-01,107.3,536.0,3.38,0.629
2021-02-08,106.3,607.0,3.41,0.655
2021-02-15,106.1,671.0,3.43,0.686
2021-02-22,101.1,781.0,3.43,0.722
2021-03-01,102.7,865.0,3.52,0.762
2021-03-08,100.0,968.0,3.6,0.805
2021-03-15,102.2,1150.0,3.68,0.852
2021-03-22,102.3,1211.0,3.68,0.9
2021-03-29,101.9,1301.0,3.82,0.95
2021-04-05,100.8,1387.0,3.79,1.0
2021-04-12,101.3,1464.0,3.91,1.05
2021-04-19,101.0,1506.0,3.83,1.1
2021-04-26,101.3,1548.0,3.97,1.148
2021-05-03,100.3,1533.0,3.97,1.195
2021-05-10,96.5,1498.0,3.92,1.238
2021-05-17,98.3,1391.0,4.1,1.278
2021-05-24,100.4,1306.0,4.07,1.314
2021-05-31,97.8,1193.0,4.19,1.345
2021-06-07,97.9,1121.0,4.11,1.371
2021-06-14,99.6,974.0,4.2,1.392
2021-06-21,99.2,870.0,4.25,1.407
2021-06-28,101.0,784.0,4.19,1.417
2021-07-05,100.1,680.0,4.28,1.42
2021-07-12,98.2,603.0,4.36,1.417
2021-07-19,99.2,538.0,4.32,1.408
2021-07-26,93.2,497.0,4.36,1.394
2021-08-02,97.3,469.0,4.46,1.373
2021-08-09,98.6,442.0,4.59,1.347
2021-08-16,94.1,425.0,4.45,1.317
2021-08-23,98.2,457.0,4.54,1.281
2021-08-30,99.4,385.0,4.51,1.242
2021-09-06,101.0,366.0,4.66,1.199
2021-09-13,99.8,412.0,4.58,1.153
2021-09-20,102.8,431.0,4.66,1.105
2021-09-27,102.1,399.0,4.74,1.055
2021-10-04,95.8,422.0,4.66,1.005
2021-10-11,98.7,441.0,4.78,0.954
2021-10-18,98.9,407.0,4.78,0.904
2021-10-25,99.5,422.0,4.74,0.856
2021-11-01,98.2,410.0,4.84,0.809
2021-11-08,100.7,426.0,4.91,0.766
2021-11-15,101.0,447.0,4.92,0.726
2021-11-22,96.6,493.0,5.03,0.689
2021-11-29,101.6,538.0,5.01,0.658
2021-12-06,98.4,559.0,5.09,0.631
2021-12-13,101.9,575.0,5.14,0.61
2021-12-20,101.0,632.0,5.27,0.594
2021-12-27,99.6,706.0,5.25,0.584
2022-01-03,103.8,787.0,5.22,0.58
2022-01-10,101.6,879.0,5.39,0.582
2022-01-17,99.9,922.0,5.36,0.591
2022-01-24,100.3,1016.0,5.42,0.605
2022-01-31,104.5,1156.0,5.39,0.626
2022-02-07,102.5,1205.0,5.49,0.651
2022-02-14,101.4,1268.0,5.56,0.682
2022-02-21,99.8,1281.0,5.52,0.717
2022-02-28,100.4,1361.0,5.63,0.756
2022-03-07,99.4,1362.0,5.7,0.799
2022-03-14,95.9,1311.0,5.71,0.845
2022-03-21,100.5,1285.0,5.87,0.893
2022-03-28,99.4,1273.0,5.93,0.942
2022-04-04,95.7,1170.0,5.83,0.993
2022-04-11,97.0,1132.0,5.85,1.043
2022-04-18,97.7,1027.0,5.93,1.093
2022-04-25,98.7,965.0,6.11,1.142
2022-05-02,101.4,886.0,6.03,1.188
2022-05-09,98.0,824.0,6.13,1.232
2022-05-16,94.1,678.0,6.26,1.272
2022-05-23,99.4,619.0,6.27,1.309
2022-05-30,97.9,590.0,6.33,1.341
2022-06-06,94.9,580.0,6.33,1.368
2022-06-13,94.1,519.0,6.48,1.389
2022-06-20,96.9,452.0,6.39,1.406
2022-06-27,100.2,474.0,6.39,1.416
2022-07-04,98.3,437.0,6.5,1.42
2022-07-11,101.6,452.0,6.67,1.418
2022-07-18,100.4,395.0,6.65,1.41
2022-07-25,102.0,430.0,6.6,1.396
2022-08-01,103.7,436.0,6.56,1.377
2022-08-08,104.2,385.0,6.68,1.351
2022-08-15,101.7,406.0,6.74,1.321
2022-08-22,108.4,411.0,6.78,1.286
2022-08-29,101.4,406.0,6.78,1.247
2022-09-05,105.8,384.0,6.76,1.205
2022-09-12,105.0,421.0,6.82,1.159
2022-09-19,110.2,383.0,6.89,1.112
2022-09-26,106.1,403.0,6.97,1.062
2022-10-03,107.4,411.0,6.98,1.012
2022-10-10,108.0,408.0,6.94,0.961
2022-10-17,108.2,413.0,6.97,0.911
2022-10-24,110.6,364.0,7.06,0.863
2022-10-31,112.7,355.0,7.08,0.816
2022-11-07,111.1,405.0,7.07,0.772
2022-11-14,110.2,407.0,6.96,0.731
2022-11-21,113.6,429.0,7.02,0.694
2022-11-28,114.6,396.0,7.15,0.662
2022-12-05,116.6,397.0,7.19,0.634
2022-12-12,114.0,371.0,7.17,0.612
2022-12-19,115.7,408.0,7.17,0.596
2022-12-26,118.2,429.0,7.18,0.585
2023-01-02,114.8,393.0,7.22,0.58
2023-01-09,116.9,410.0,7.14,0.582
2023-01-16,116.6,424.0,7.19,0.589
2023-01-23,114.7,424.0,7.27,0.603
2023-01-30,117.6,419.0,7.24,0.622
2023-02-06,120.3,421.0,7.26,0.647
2023-02-13,122.7,333.0,7.28,0.677
2023-02-20,115.5,363.0,7.31,0.712
2023-02-27,120.4,408.0,7.27,0.75
2023-03-06,120.9,367.0,7.26,0.793
2023-03-13,121.2,420.0,7.34,0.838
2023-03-20,118.0,389.0,7.24,0.886
2023-03-27,119.6,369.0,7.33,0.935
2023-04-03,117.8,418.0,7.27,0.986
2023-04-10,120.2,388.0,7.41,1.036
2023-04-17,121.5,381.0,7.48,1.086
2023-04-24,118.6,415.0,7.31,1.135
2023-05-01,119.5,396.0,7.42,1.182
2023-05-08,120.8,376.0,7.36,1.226
2023-05-15,120.5,379.0,7.36,1.267
2023-05-22,117.7,368.0,7.37,1.304
2023-05-29,121.7,433.0,7.42,1.336
2023-06-05,119.8,427.0,7.44,1.364
2023-06-12,119.1,401.0,7.38,1.387
2023-06-19,118.8,387.0,7.38,1.404
2023-06-26,120.0,410.0,7.48,1.415
2023-07-03,120.6,396.0,7.49,1.42
2023-07-10,115.9,416.0,7.37,1.419
2023-07-17,116.5,413.0,7.42,1.412
2023-07-24,114.7,401.0,7.49,1.398
2023-07-31,118.9,395.0,7.54,1.38
2023-08-07,118.6,412.0,7.45,1.355
2023-08-14,117.0,400.0,7.47,1.326
2023-08-21,115.3,367.0,7.4,1.292
2023-08-28,119.9,406.0,7.5,1.253
2023-09-04,120.3,436.0,7.48,1.211
2023-09-11,120.1,393.0,7.44,1.166
2023-09-18,116.8,406.0,7.46,1.118
2023-09-25,116.8,394.0,7.57,1.069
2023-10-02,116.5,406.0,7.54,1.019
2023-10-09,115.8,394.0,7.54,0.968
2023-10-16,113.3,448.0,7.42,0.918
2023-10-23,114.3,410.0,7.41,0.869
2023-10-30,116.9,401.0,7.39,0.822
2023-11-06,115.1,407.0,7.5,0.778
2023-11-13,113.9,402.0,7.42,0.737
2023-11-20,114.1,430.0,7.42,0.699
2023-11-27,117.8,386.0,7.54,0.666
2023-12-04,117.0,384.0,7.39,0.638
2023-12-11,116.0,412.0,7.51,0.615
2023-12-18,113.9,396.0,7.42,0.598
2023-12-25,110.8,388.0,7.49,0.586
2024-01-01,113.4,363.0,7.6,0.58
2024-01-08,112.1,400.0,7.5,0.581
2024-01-15,113.7,389.0,7.47,0.588
2024-01-22,114.3,422.0,7.47,0.601
2024-01-29,110.6,379.0,7.47,0.619
2024-02-05,114.3,409.0,7.46,0.643
2024-02-12,111.5,399.0,7.4,0.672
2024-02-19,111.4,387.0,7.44,0.706
2024-02-26,109.8,426.0,7.56,0.745
2024-03-04,110.3,430.0,7.55,0.786
2024-03-11,110.6,395.0,7.52,0.831
2024-03-18,109.8,396.0,7.49,0.879
2024-03-25,109.3,359.0,7.52,0.928
2024-04-01,109.0,419.0,7.51,0.978
2024-04-08,113.6,398.0,7.52,1.029
2024-04-15,108.9,424.0,7.57,1.079
2024-04-22,110.6,392.0,7.56,1.128
2024-04-29,109.1,412.0,7.48,1.175
2024-05-06,102.9,410.0,7.45,1.22
2024-05-13,114.8,411.0,7.39,1.261
2024-05-20,108.3,393.0,7.46,1.299
2024-05-27,107.1,388.0,7.49,1.332
2024-06-03,110.6,379.0,7.49,1.361
2024-06-10,110.8,405.0,7.49,1.384
2024-06-17,106.6,384.0,7.52,1.402
2024-06-24,105.9,411.0,7.55,1.413
2024-07-01,105.7,363.0,7.42,1.419
2024-07-08,108.1,428.0,7.45,1.419
2024-07-15,107.6,412.0,7.45,1.413
2024-07-22,108.8,403.0,7.53,1.401
2024-07-29,106.9,385.0,7.59,1.383
2024-08-05,106.0,385.0,7.51,1.359
2024-08-12,107.2,392.0,7.52,1.33
2024-08-19,105.8,414.0,7.47,1.297
2024-08-26,108.2,405.0,7.45,1.259
2024-09-02,107.7,409.0,7.47,1.217
2024-09-09,108.0,419.0,7.58,1.173
2024-09-16,107.8,414.0,7.5,1.125
2024-09-23,106.1,418.0,7.49,1.076
2024-09-30,103.5,400.0,7.53,1.026
2024-10-07,109.5,380.0,7.5,0.976
2024-10-14,109.2,429.0,7.55,0.925
2024-10-21,105.6,427.0,7.5,0.876
2024-10-28,109.0,367.0,7.51,0.829
2024-11-04,107.6,397.0,7.53,0.784
2024-11-11,107.3,448.0,7.47,0.742
2024-11-18,107.5,427.0,7.48,0.704
2024-11-25,106.0,422.0,7.53,0.671
2024-12-02,107.5,355.0,7.51,0.642
2024-12-09,108.0,394.0,7.47,0.618
2024-12-16,108.5,386.0,7.5,0.6
2024-12-23,107.0,399.0,7.63,0.587
2024-12-30,109.2,399.0,7.49,0.581
